<?xml version="1.0" encoding="UTF-8"?>
<project-private xmlns="http://www.netbeans.org/ns/project-private/1">
    <editor-bookmarks xmlns="http://www.netbeans.org/ns/editor-bookmarks/2" lastBookmarkId="0"/>
    <open-files xmlns="http://www.netbeans.org/ns/projectui-open-files/2">
        <group>
            <file>file:/C:/Users/mdian/Documents/NetBeansProjects/HOTEL/src/dao/CerereDAO.java</file>
            <file>file:/C:/Users/mdian/Documents/NetBeansProjects/HOTEL/src/models/Persoana.java</file>
            <file>file:/C:/Users/mdian/Documents/NetBeansProjects/HOTEL/src/dao/FacilitatiDAO.java</file>
            <file>file:/C:/Users/mdian/Documents/NetBeansProjects/HOTEL/src/gui/LoginForm.java</file>
            <file>file:/C:/Users/mdian/Documents/NetBeansProjects/HOTEL/src/gui/CameraForm.java</file>
            <file>file:/C:/Users/mdian/Documents/NetBeansProjects/HOTEL/src/gui/PersoanaForm.java</file>
            <file>file:/C:/Users/mdian/Documents/NetBeansProjects/HOTEL/src/dao/AsigurareDAO.java</file>
            <file>file:/C:/Users/mdian/Documents/NetBeansProjects/HOTEL/src/models/AsigurareMedicala.java</file>
            <file>file:/C:/Users/mdian/Documents/NetBeansProjects/HOTEL/src/dao/CameraDAO.java</file>
            <file>file:/C:/Users/mdian/Documents/NetBeansProjects/HOTEL/src/models/FacilitatiCamera.java</file>
            <file>file:/C:/Users/mdian/Documents/NetBeansProjects/HOTEL/src/dao/FacilitatiCameraDAO.java</file>
            <file>file:/C:/Users/mdian/Documents/NetBeansProjects/HOTEL/src/dao/ClientDAO.java</file>
            <file>file:/C:/Users/mdian/Documents/NetBeansProjects/HOTEL/src/models/Camera.java</file>
            <file>file:/C:/Users/mdian/Documents/NetBeansProjects/HOTEL/src/dao/PersoanaDAO.java</file>
            <file>file:/C:/Users/mdian/Documents/NetBeansProjects/HOTEL/src/gui/HotelForm.java</file>
            <file>file:/C:/Users/mdian/Documents/NetBeansProjects/HOTEL/src/gui/CerereForm.java</file>
            <file>file:/C:/Users/mdian/Documents/NetBeansProjects/HOTEL/src/gui/ISForm.java</file>
            <file>file:/C:/Users/mdian/Documents/NetBeansProjects/HOTEL/src/dao/InterogariSimple.java</file>
            <file>file:/C:/Users/mdian/Documents/NetBeansProjects/HOTEL/src/models/CerereCazare.java</file>
            <file>file:/C:/Users/mdian/Documents/NetBeansProjects/HOTEL/src/models/Client.java</file>
            <file>file:/C:/Users/mdian/Documents/NetBeansProjects/HOTEL/src/models/Facilitate.java</file>
            <file>file:/C:/Users/mdian/Documents/NetBeansProjects/HOTEL/src/gui/ICForm.java</file>
            <file>file:/C:/Users/mdian/Documents/NetBeansProjects/HOTEL/src/main/Main.java</file>
            <file>file:/C:/Users/mdian/Documents/NetBeansProjects/HOTEL/src/dao/InterogariComplexe.java</file>
        </group>
    </open-files>
</project-private>
